BASELINE,THICKNESS,SPACING
90.75635518408352,9.044642367476756,21.01803476700731
